Country,Wellbeing measure,Quarter,Score
NZ,life satisfaction,Jun20,8.52
NZ,life worthwhile ,Jun20,8.809999999999999
NZ,life satisfaction,Sep20,8.41
NZ,life worthwhile ,Sep20,8.84
NZ,life satisfaction,Dec20,8.65
NZ,life worthwhile ,Dec20,8.91
UK,life satisfaction,Jun20,6.985714285714286
UK,life worthwhile,Jun20,7.3928571428571415
UK,life satisfaction,Sep20,6.9818181818181815
UK,life worthwhile,Sep20,7.3999999999999995
UK,life satisfaction,Dec20,6.749999999999999
UK,life worthwhile,Dec20,7.299999999999998
